GCT,Ala,Alanine,A
GCC,Ala,Alanine,A
GCA,Ala,Alanine,A
GCG,Ala,Alanine,A
CGT,Arg,Arginine,R
CGC,Arg,Arginine,R
CGA,Arg,Arginine,R
CGG,Arg,Arginine,R
AGA,Arg,Arginine,R
AGG,Arg,Arginine,R
AAT,Asn,Asparagine,N
AAC,Asn,Asparagine,N
GAT,Asp,Aspartate,D
GAC,Asp,Aspartate,D
TGT,Cys,Cysteine,C
TGC,Cys,Cysteine,C
CAA,Gln,Glutamine,Q
CAG,Gln,Glutamine,Q
GAA,Glu,Glutamate,E
GAG,Glu,Glutamate,E
GGT,Gly,Glycine,G
GGC,Gly,Glycine,G
GGA,Gly,Glycine,G
GGG,Gly,Glycine,G
CAT,His,Histidine,H
CAC,His,Histidine,H
ATT,Ile,Isoleucine,I
ATC,Ile,Isoleucine,I
ATA,Ile,Isoleucine,I
TTA,Leu,Leucine,L
TTG,Leu,Leucine,L
CTT,Leu,Leucine,L
CTC,Leu,Leucine,L
CTA,Leu,Leucine,L
CTG,Leu,Leucine,L
AAA,Lys,Lysine,K
AAG,Lys,Lysine,K
ATG,Met,Methionine,M
TTT,Phe,Phenylalanine,F
TTC,Phe,Phenylalanine,F
CCT,Pro,Proline,P
CCC,Pro,Proline,P
CCA,Pro,Proline,P
CCG,Pro,Proline,P
TCT,Ser,Serine,S
TCC,Ser,Serine,S
TCA,Ser,Serine,S
TCG,Ser,Serine,S
AGT,Ser,Serine,S
AGC,Ser,Serine,S
ACT,Thr,Threonine,T
ACC,Thr,Threonine,T
ACA,Thr,Threonine,T
ACG,Thr,Threonine,T
TGG,Trp,Tryptophan,W
TAT,Tyr,Tyrosine,Y
TAC,Tyr,Tyrosine,Y
GTT,Val,Valine,V
GTC,Val,Valine,V
GTA,Val,Valine,V
GTG,Val,Valine,V
TAG,X,Stop,X
TGA,X,Stop,X
TAA,X,Stop,X
